slot_id,title,date,time
1,Emergency Donut Meeting,5/27/33,15:00
2,Mandatory Nap Time,3/31/35,16:45
3,Team Synergy Ritual,6/18/28,16:15
4,Blame the Intern Hour,10/27/29,9:30
5,Quarterly Coffee Spill Review,3/9/35,14:00
6,Spreadsheet Appreciation Day,7/8/27,16:30
7,Budget Panic Session,9/13/27,12:45
8,PowerPoint Karaoke,5/15/28,10:15
9,Mandatory Fun Committee,9/20/28,13:45
10,Annual Email Purge,1/20/34,16:30
11,Deadline Remorse Circle,7/22/27,8:00
12,Brainstorming About Brainstorming,2/10/34,15:30
13,Technical Debt Festival,5/4/32,11:45
14,TPS Report Retrospective,2/16/32,8:15
15,WiFi Sacrifice Ceremony,6/4/26,10:30
16,Sync to Discuss Syncs,11/16/30,12:45
17,Surprise Outage Celebration,11/5/26,12:15
18,Emoji Policy Discussion,10/28/27,9:00
19,Motivation Calibration,2/17/29,16:00
20,Virtual Happy Hour Hangover,3/6/30,10:30
21,Printer Unjamming Workshop,5/13/34,16:30
22,Keyboard Sanitization Drill,10/22/26,12:30
23,Performance Review Escape Plan,4/16/26,16:15
24,Confidential Gossip Hour,2/17/27,12:45
25,Unscheduled Fire Drill Simulation,5/14/31,9:45
26,Receipt Reconciliation Rodeo,3/31/30,14:00
27,Lunch Scheduling Deep Dive,1/10/27,11:45
28,Team Building Through Suffering,2/8/30,16:45
29,Innovation Compliance Sync,8/11/31,9:45
30,Bug Triage and Therapy Session,4/7/29,8:45
31,Slack Thread Archaeology,11/23/33,16:30
32,End of Quarter Existential Crisis,3/10/34,14:00
33,Zoom Fatigue Roundtable,6/9/34,14:45
34,Coffee Budget Alignment Meeting,12/8/33,15:30
35,AI Overlord Status Update,1/9/31,8:45
36,Annual Spreadsheet Error Festival,8/1/34,11:00
37,Unplugging Initiative Kickoff,6/5/33,16:15
38,Deadline Avoidance Sprint,8/10/35,12:15
39,Keyboard Ergonomics Symposium,2/20/28,11:30
40,Passive-Aggressive Email Writing,5/26/29,10:45
41,Overdue Task Denial Session,12/3/32,11:30
42,Annual Vacation Request Lottery,2/28/26,15:00
43,Vision Statement Rewriteathon,5/6/26,9:30
44,Backup System Failure Reenactment,1/14/34,11:00
45,Beta Test of Beta Testing,8/15/28,9:15
46,PTO Guilt-Free Approval Hour,8/6/30,11:45
47,Lunch Fridge Investigation,10/28/31,13:45
48,Ticket Escalation Olympics,8/31/28,16:30
49,One-on-One to Discuss Meetings,6/19/35,14:30
50,Server Room Hide and Seek,5/25/29,14:45
51,Policy Rewrite Committee Committee,2/24/32,12:45
52,Department of Redundancy Department Check-In,1/18/34,16:30
53,Calendar Optimization Panel,12/5/27,16:30
54,Unexpected Security Drill,10/3/28,9:30
55,IT Ticket Speedrun,10/16/35,15:15
56,Annual Password Reset Marathon,3/28/34,9:30
57,Coffee Machine Decommissioning Ceremony,6/7/29,9:15
58,Overdue Documentation Bonanza,6/18/33,9:15
59,Casual Friday Strategy Call,11/6/28,9:00
60,Whiteboard Marker Procurement Planning,11/9/28,11:45
61,Unscheduled Brainstorm Extravaganza,5/24/26,12:45
62,Team Logo Redesign Debate,3/28/29,16:15
63,Project Scope Creep Party,12/3/25,11:30
64,Backlog Appreciation Day,4/14/29,14:45
65,WiFi Password Reset Festival,4/4/28,16:45
66,Quarterly Sanity Check Meeting,10/29/28,16:15
67,Deadline Avoidance Symposium,11/26/34,8:30
68,Unexpected Budget Surplus Review,7/13/26,9:00
69,Email Thread Resolution Summit,11/28/33,16:30
70,Team Reorg Afterparty,2/1/33,8:45
71,Printer Ink Conservation Forum,7/20/32,16:45
72,Work-Life Imbalance Audit,5/14/35,10:30
73,Surprise Stakeholder Review,6/18/33,14:15
74,Spreadsheet Beautification Jam,1/25/32,16:15
75,Coffee Spill Remediation Panel,1/23/33,10:00
76,Deadline Panic Dress Rehearsal,7/18/30,9:15
77,Bug Reclassification Roundtable,7/21/28,14:45
78,Interdepartmental Blame Conference,10/5/27,12:45
79,Biannual Stress Debriefing,8/14/34,10:00
80,Meeting About Meeting Fatigue,10/18/34,16:30
81,Remote Work Pajama Policy Review,5/17/27,16:15
82,Lunch Outage Postmortem,7/9/31,14:00
83,Slack Channel Cleaning Sprint,10/12/32,10:45
84,WiFi Router Vigil,10/30/31,9:45
85,Hybrid Work Paradox Seminar,11/3/32,8:45
86,Agile Waterfall Fusion Workshop,10/5/35,9:00
87,Corporate Lingo Reinvention Lab,5/26/34,13:15
88,Vacation Email Auto-Reply Checkup,12/12/33,12:30
89,Rebranding Our Rebrand,10/8/26,12:00
90,Surprise Mandatory Day Off,8/27/28,8:15
91,Desk Plant Funeral,5/21/28,9:45
92,Fire Drill Debrief Debrief,12/1/26,14:00
93,Parking Lot Policy Brainstorm,4/22/26,13:30
94,Laptop Sticker Prioritization,6/10/27,13:45
95,Office Chair Reassignment Town Hall,12/21/34,16:15
96,Deadline Extension Celebration,2/2/29,11:00
97,Email Inbox Zero Attempt #47,10/11/28,11:15
98,Manager Meme Review,7/21/33,16:15
99,Post-Lunch Productivity Dive,11/22/25,10:30
100,Annual Coffee Consumption Review,10/23/35,15:30
